Question,Option1,Option2,Option3,Option4,CorrectIndex
You're at a restaurant and the food served is cold. What should you do?,Eat it quietly,Complain rudely,Politely ask to reheat it,Leave immediately,2
Your internet isn't working at home. What's the first thing to check?,Call your neighbor,Restart the router,Buy a new cable,Reset your phone,1
You find a stranger’s phone in a park. What's the best action?,Take it home,Try to unlock it,Submit to lost and found,Ignore it,2
You're at an ATM and the machine eats your card. What should you do?,Hit the machine,Call the bank helpline,Wait for hours,Leave immediately,1
You're cooking and accidentally cut your finger. What’s the first step?,Wash with soap,Apply oil,Bandage it immediately,Wash and stop the bleeding,3
You need to travel urgently but all buses are full. What's the best option?,Cancel trip,Hire a cab or ride-share,Walk,Wait till next week,1
You're at a job interview and forgot your resume. What do you do?,Say nothing,Blame someone else,Apologize and email it,Leave,2
You're experiencing chest pain. What's the most sensible action?,Ignore it,Drink cold water,Lie down,Seek immediate medical help,3
A delivery arrives that you didn’t order. What should you do?,Keep it,Return to the delivery person,Donate it,Ignore it,1
You spill water on your laptop. What's your first move?,Switch it on,Use a dryer,Turn off power and unplug,Call a friend,2
"At the airport, your flight is delayed by 5 hours. What's the best use of your time? (Scenario 11)",Complain on social media,Browse shops or work remotely,Argue with airline,Sleep on the bench,1
You're out of cash and your card is declined. What should you do? (Scenario 12),Run out,Borrow from a friend or contact bank,Blame cashier,Buy on credit,1
Your friend is texting while driving. What is the right thing to do? (Scenario 13),Encourage them,Take the wheel,Tell them to stop,Record it,2
You hear fire alarms in a mall. What should you do? (Scenario 14),Ignore it,Run around,Evacuate calmly,Call friends,2
You see someone shoplifting. What's the best action? (Scenario 15),Join them,Alert security discreetly,Record video,Post on social media,1
You’re feeling dizzy in the sun. What should you do? (Scenario 16),Drink more soda,Sit in shade and hydrate,Ignore it,Call ambulance,1
You receive a message about a prize but never entered any contest. What should you do? (Scenario 17),Click the link,Share with friends,Report as spam and delete,Reply for more info,2
You witness a car accident. What should be your first response? (Scenario 18),Walk away,Call emergency services,Film it,Yell at people,1
Your child has a high fever at midnight. What do you do? (Scenario 19),Wait till morning,Search symptoms online,Use a cold compress and call doctor,Rush to ER,2
Your office computer crashes unsaved work. How to prevent this next time? (Scenario 20),Blame IT,Start saving often and backup,Quit job,Never use computer again,1
"At the airport, your flight is delayed by 5 hours. What's the best use of your time? (Scenario 21)",Complain on social media,Browse shops or work remotely,Argue with airline,Sleep on the bench,1
You're out of cash and your card is declined. What should you do? (Scenario 22),Run out,Borrow from a friend or contact bank,Blame cashier,Buy on credit,1
Your friend is texting while driving. What is the right thing to do? (Scenario 23),Encourage them,Take the wheel,Tell them to stop,Record it,2
You hear fire alarms in a mall. What should you do? (Scenario 24),Ignore it,Run around,Evacuate calmly,Call friends,2
You see someone shoplifting. What's the best action? (Scenario 25),Join them,Alert security discreetly,Record video,Post on social media,1
You’re feeling dizzy in the sun. What should you do? (Scenario 26),Drink more soda,Sit in shade and hydrate,Ignore it,Call ambulance,1
You receive a message about a prize but never entered any contest. What should you do? (Scenario 27),Click the link,Share with friends,Report as spam and delete,Reply for more info,2
You witness a car accident. What should be your first response? (Scenario 28),Walk away,Call emergency services,Film it,Yell at people,1
Your child has a high fever at midnight. What do you do? (Scenario 29),Wait till morning,Search symptoms online,Use a cold compress and call doctor,Rush to ER,2
Your office computer crashes unsaved work. How to prevent this next time? (Scenario 30),Blame IT,Start saving often and backup,Quit job,Never use computer again,1
"At the airport, your flight is delayed by 5 hours. What's the best use of your time? (Scenario 31)",Complain on social media,Browse shops or work remotely,Argue with airline,Sleep on the bench,1
You're out of cash and your card is declined. What should you do? (Scenario 32),Run out,Borrow from a friend or contact bank,Blame cashier,Buy on credit,1
Your friend is texting while driving. What is the right thing to do? (Scenario 33),Encourage them,Take the wheel,Tell them to stop,Record it,2
You hear fire alarms in a mall. What should you do? (Scenario 34),Ignore it,Run around,Evacuate calmly,Call friends,2
You see someone shoplifting. What's the best action? (Scenario 35),Join them,Alert security discreetly,Record video,Post on social media,1
You’re feeling dizzy in the sun. What should you do? (Scenario 36),Drink more soda,Sit in shade and hydrate,Ignore it,Call ambulance,1
You receive a message about a prize but never entered any contest. What should you do? (Scenario 37),Click the link,Share with friends,Report as spam and delete,Reply for more info,2
You witness a car accident. What should be your first response? (Scenario 38),Walk away,Call emergency services,Film it,Yell at people,1
Your child has a high fever at midnight. What do you do? (Scenario 39),Wait till morning,Search symptoms online,Use a cold compress and call doctor,Rush to ER,2
Your office computer crashes unsaved work. How to prevent this next time? (Scenario 40),Blame IT,Start saving often and backup,Quit job,Never use computer again,1
"At the airport, your flight is delayed by 5 hours. What's the best use of your time? (Scenario 41)",Complain on social media,Browse shops or work remotely,Argue with airline,Sleep on the bench,1
You're out of cash and your card is declined. What should you do? (Scenario 42),Run out,Borrow from a friend or contact bank,Blame cashier,Buy on credit,1
Your friend is texting while driving. What is the right thing to do? (Scenario 43),Encourage them,Take the wheel,Tell them to stop,Record it,2
You hear fire alarms in a mall. What should you do? (Scenario 44),Ignore it,Run around,Evacuate calmly,Call friends,2
You see someone shoplifting. What's the best action? (Scenario 45),Join them,Alert security discreetly,Record video,Post on social media,1
You’re feeling dizzy in the sun. What should you do? (Scenario 46),Drink more soda,Sit in shade and hydrate,Ignore it,Call ambulance,1
You receive a message about a prize but never entered any contest. What should you do? (Scenario 47),Click the link,Share with friends,Report as spam and delete,Reply for more info,2
You witness a car accident. What should be your first response? (Scenario 48),Walk away,Call emergency services,Film it,Yell at people,1
Your child has a high fever at midnight. What do you do? (Scenario 49),Wait till morning,Search symptoms online,Use a cold compress and call doctor,Rush to ER,2
Your office computer crashes unsaved work. How to prevent this next time? (Scenario 50),Blame IT,Start saving often and backup,Quit job,Never use computer again,1
"At the airport, your flight is delayed by 5 hours. What's the best use of your time? (Scenario 51)",Complain on social media,Browse shops or work remotely,Argue with airline,Sleep on the bench,1
You're out of cash and your card is declined. What should you do? (Scenario 52),Run out,Borrow from a friend or contact bank,Blame cashier,Buy on credit,1
Your friend is texting while driving. What is the right thing to do? (Scenario 53),Encourage them,Take the wheel,Tell them to stop,Record it,2
You hear fire alarms in a mall. What should you do? (Scenario 54),Ignore it,Run around,Evacuate calmly,Call friends,2
You see someone shoplifting. What's the best action? (Scenario 55),Join them,Alert security discreetly,Record video,Post on social media,1
You’re feeling dizzy in the sun. What should you do? (Scenario 56),Drink more soda,Sit in shade and hydrate,Ignore it,Call ambulance,1
You receive a message about a prize but never entered any contest. What should you do? (Scenario 57),Click the link,Share with friends,Report as spam and delete,Reply for more info,2
You witness a car accident. What should be your first response? (Scenario 58),Walk away,Call emergency services,Film it,Yell at people,1
Your child has a high fever at midnight. What do you do? (Scenario 59),Wait till morning,Search symptoms online,Use a cold compress and call doctor,Rush to ER,2
Your office computer crashes unsaved work. How to prevent this next time? (Scenario 60),Blame IT,Start saving often and backup,Quit job,Never use computer again,1
"At the airport, your flight is delayed by 5 hours. What's the best use of your time? (Scenario 61)",Complain on social media,Browse shops or work remotely,Argue with airline,Sleep on the bench,1
You're out of cash and your card is declined. What should you do? (Scenario 62),Run out,Borrow from a friend or contact bank,Blame cashier,Buy on credit,1
Your friend is texting while driving. What is the right thing to do? (Scenario 63),Encourage them,Take the wheel,Tell them to stop,Record it,2
You hear fire alarms in a mall. What should you do? (Scenario 64),Ignore it,Run around,Evacuate calmly,Call friends,2
You see someone shoplifting. What's the best action? (Scenario 65),Join them,Alert security discreetly,Record video,Post on social media,1
You’re feeling dizzy in the sun. What should you do? (Scenario 66),Drink more soda,Sit in shade and hydrate,Ignore it,Call ambulance,1
You receive a message about a prize but never entered any contest. What should you do? (Scenario 67),Click the link,Share with friends,Report as spam and delete,Reply for more info,2
You witness a car accident. What should be your first response? (Scenario 68),Walk away,Call emergency services,Film it,Yell at people,1
Your child has a high fever at midnight. What do you do? (Scenario 69),Wait till morning,Search symptoms online,Use a cold compress and call doctor,Rush to ER,2
Your office computer crashes unsaved work. How to prevent this next time? (Scenario 70),Blame IT,Start saving often and backup,Quit job,Never use computer again,1
"At the airport, your flight is delayed by 5 hours. What's the best use of your time? (Scenario 71)",Complain on social media,Browse shops or work remotely,Argue with airline,Sleep on the bench,1
You're out of cash and your card is declined. What should you do? (Scenario 72),Run out,Borrow from a friend or contact bank,Blame cashier,Buy on credit,1
Your friend is texting while driving. What is the right thing to do? (Scenario 73),Encourage them,Take the wheel,Tell them to stop,Record it,2
You hear fire alarms in a mall. What should you do? (Scenario 74),Ignore it,Run around,Evacuate calmly,Call friends,2
You see someone shoplifting. What's the best action? (Scenario 75),Join them,Alert security discreetly,Record video,Post on social media,1
You’re feeling dizzy in the sun. What should you do? (Scenario 76),Drink more soda,Sit in shade and hydrate,Ignore it,Call ambulance,1
You receive a message about a prize but never entered any contest. What should you do? (Scenario 77),Click the link,Share with friends,Report as spam and delete,Reply for more info,2
You witness a car accident. What should be your first response? (Scenario 78),Walk away,Call emergency services,Film it,Yell at people,1
Your child has a high fever at midnight. What do you do? (Scenario 79),Wait till morning,Search symptoms online,Use a cold compress and call doctor,Rush to ER,2
Your office computer crashes unsaved work. How to prevent this next time? (Scenario 80),Blame IT,Start saving often and backup,Quit job,Never use computer again,1
"At the airport, your flight is delayed by 5 hours. What's the best use of your time? (Scenario 81)",Complain on social media,Browse shops or work remotely,Argue with airline,Sleep on the bench,1
You're out of cash and your card is declined. What should you do? (Scenario 82),Run out,Borrow from a friend or contact bank,Blame cashier,Buy on credit,1
Your friend is texting while driving. What is the right thing to do? (Scenario 83),Encourage them,Take the wheel,Tell them to stop,Record it,2
You hear fire alarms in a mall. What should you do? (Scenario 84),Ignore it,Run around,Evacuate calmly,Call friends,2
You see someone shoplifting. What's the best action? (Scenario 85),Join them,Alert security discreetly,Record video,Post on social media,1
You’re feeling dizzy in the sun. What should you do? (Scenario 86),Drink more soda,Sit in shade and hydrate,Ignore it,Call ambulance,1
You receive a message about a prize but never entered any contest. What should you do? (Scenario 87),Click the link,Share with friends,Report as spam and delete,Reply for more info,2
You witness a car accident. What should be your first response? (Scenario 88),Walk away,Call emergency services,Film it,Yell at people,1
Your child has a high fever at midnight. What do you do? (Scenario 89),Wait till morning,Search symptoms online,Use a cold compress and call doctor,Rush to ER,2
Your office computer crashes unsaved work. How to prevent this next time? (Scenario 90),Blame IT,Start saving often and backup,Quit job,Never use computer again,1
"At the airport, your flight is delayed by 5 hours. What's the best use of your time? (Scenario 91)",Complain on social media,Browse shops or work remotely,Argue with airline,Sleep on the bench,1
You're out of cash and your card is declined. What should you do? (Scenario 92),Run out,Borrow from a friend or contact bank,Blame cashier,Buy on credit,1
Your friend is texting while driving. What is the right thing to do? (Scenario 93),Encourage them,Take the wheel,Tell them to stop,Record it,2
You hear fire alarms in a mall. What should you do? (Scenario 94),Ignore it,Run around,Evacuate calmly,Call friends,2
You see someone shoplifting. What's the best action? (Scenario 95),Join them,Alert security discreetly,Record video,Post on social media,1
You’re feeling dizzy in the sun. What should you do? (Scenario 96),Drink more soda,Sit in shade and hydrate,Ignore it,Call ambulance,1
You receive a message about a prize but never entered any contest. What should you do? (Scenario 97),Click the link,Share with friends,Report as spam and delete,Reply for more info,2
You witness a car accident. What should be your first response? (Scenario 98),Walk away,Call emergency services,Film it,Yell at people,1
Your child has a high fever at midnight. What do you do? (Scenario 99),Wait till morning,Search symptoms online,Use a cold compress and call doctor,Rush to ER,2
Your office computer crashes unsaved work. How to prevent this next time? (Scenario 100),Blame IT,Start saving often and backup,Quit job,Never use computer again,1
